{"ip": {"in": {"id": [54343, 55175, 55176, 55177, 55178, 55179, 55180, 55181, 55182, 55183, 55184, 55185, 55186, 55187, 55188, 55189, 55190, 55191, 55192, 55193, 55194, 55195, 55196, 55197, 55198, 55199, 55200, 55201, 55202, 55203, 55204, 55205, 55206, 55207, 55208, 55209, 55210, 55211, 55212, 55213, 55214, 55215, 55216, 55217, 55218, 55219, 55220, 55221, 55222, 55223], "ttl": 62}, "out": {"id": [637, 638, 639, 640, 641, 642, 643, 644, 645, 646, 647, 648, 649, 650, 651, 652, 653, 654, 655, 656, 657, 658, 659, 660, 661, 662, 663, 664, 665, 666, 667, 668, 669, 670, 671, 672, 673, 674, 675, 676, 677, 678, 679, 680, 681, 682, 683, 684, 685, 686], "ttl": 64}}, "idp_in": "450005dcd78700003e0614c0a31c120e", "time_end": 1528859324.995237, "p_malware": 0.005611, "expire_type": "a", "entropy": 0.116742, "num_pkts_out": 414, "pr": 6, "time_start": 1528859301.276715, "bytes_in": 3885256, "num_pkts_in": 2688, "bytes_out": 4490, "byte_dist_std": 73.866747, "da": "163.28.18.14", "byte_dist_mean": 127.418762, "idp_len_out": 16, "total_entropy": 454095.858043, "byte_dist": [129, 116, 121, 122, 118, 118, 118, 118, 118, 118, 118, 118, 120, 118, 117, 118, 120, 117, 119, 117, 118, 119, 117, 120, 120, 120, 118, 118, 119, 117, 119, 117, 118, 118, 118, 119, 116, 117, 118, 118, 118, 119, 118, 118, 120, 119, 117, 119, 117, 117, 118, 119, 118, 119, 118, 118, 116, 118, 117, 119, 119, 120, 117, 117, 119, 118, 118, 119, 119, 117, 119, 117, 120, 118, 117, 120, 118, 119, 119, 119, 117, 117, 118, 120, 118, 120, 117, 118, 117, 120, 119, 118, 116, 119, 119, 118, 118, 118, 119, 119, 118, 119, 117, 118, 117, 116, 119, 118, 118, 118, 118, 118, 118, 118, 118, 119, 120, 120, 119, 118, 119, 119, 119, 120, 119, 117, 119, 118, 116, 118, 118, 119, 118, 117, 117, 118, 117, 118, 119, 117, 117, 119, 118, 118, 118, 119, 118, 119, 117, 119, 119, 119, 118, 119, 118, 117, 117, 118, 118, 119, 117, 118, 117, 118, 118, 117, 117, 119, 115, 117, 117, 117, 119, 118, 118, 119, 119, 118, 118, 120, 118, 115, 119, 117, 119, 118, 119, 117, 118, 118, 118, 119, 119, 117, 118, 118, 116, 118, 119, 118, 119, 116, 117, 118, 117, 118, 118, 118, 118, 117, 118, 119, 119, 118, 119, 116, 119, 119, 118, 119, 118, 119, 118, 119, 118, 118, 118, 118, 118, 118, 120, 118, 119, 117, 119, 119, 119, 118, 117, 117, 119, 117, 120, 118, 118, 120, 119, 118, 118, 119, 118, 116, 120, 119, 117, 118], "dp": 443, "idp_len_in": 16, "sp": 39592, "packets": [{"b": 1160, "ipt": 3357, "dir": ">"}, {"b": 1448, "ipt": 1, "dir": "<"}, {"b": 1448, "ipt": 0, "dir": "<"}, {"b": 1448, "ipt": 0, "dir": "<"}, {"b": 1448, "ipt": 0, "dir": "<"}, {"b": 1448, "ipt": 0, "dir": "<"}, {"b": 1448, "ipt": 0, "dir": "<"}, {"b": 1448, "ipt": 0, "dir": "<"}, {"b": 1448, "ipt": 0, "dir": "<"}, {"b": 1448, "ipt": 0, "dir": "<"}, {"b": 1448, "ipt": 0, "dir": "<"}, {"b": 1448, "ipt": 0, "dir": "<"}, {"b": 1448, "ipt": 0, "dir": "<"}, {"b": 1448, "ipt": 0, "dir": "<"}, {"b": 1448, "ipt": 0, "dir": "<"}, {"b": 1448, "ipt": 0, "dir": "<"}, {"b": 1448, "ipt": 0, "dir": "<"}, {"b": 1448, "ipt": 0, "dir": "<"}, {"b": 1448, "ipt": 0, "dir": "<"}, {"b": 1448, "ipt": 0, "dir": "<"}, {"b": 1448, "ipt": 0, "dir": "<"}, {"b": 1448, "ipt": 0, "dir": "<"}, {"b": 1448, "ipt": 0, "dir": "<"}, {"b": 1448, "ipt": 0, "dir": "<"}, {"b": 1448, "ipt": 0, "dir": "<"}, {"b": 1448, "ipt": 0, "dir": "<"}, {"b": 1448, "ipt": 0, "dir": "<"}, {"b": 1448, "ipt": 0, "dir": "<"}, {"b": 1448, "ipt": 0, "dir": "<"}, {"b": 1448, "ipt": 0, "dir": "<"}, {"b": 1448, "ipt": 0, "dir": "<"}, {"b": 1448, "ipt": 0, "dir": "<"}, {"b": 1448, "ipt": 0, "dir": "<"}, {"b": 1448, "ipt": 0, "dir": "<"}, {"b": 1448, "ipt": 0, "dir": "<"}, {"b": 1448, "ipt": 0, "dir": "<"}, {"b": 1448, "ipt": 0, "dir": "<"}, {"b": 1448, "ipt": 0, "dir": "<"}, {"b": 1448, "ipt": 0, "dir": "<"}, {"b": 1448, "ipt": 0, "dir": "<"}, {"b": 1448, "ipt": 0, "dir": "<"}, {"b": 1448, "ipt": 0, "dir": "<"}, {"b": 1448, "ipt": 0, "dir": "<"}, {"b": 1448, "ipt": 0, "dir": "<"}, {"b": 1448, "ipt": 0, "dir": "<"}, {"b": 1448, "ipt": 0, "dir": "<"}, {"b": 1448, "ipt": 0, "dir": "<"}, {"b": 1448, "ipt": 0, "dir": "<"}, {"b": 1448, "ipt": 0, "dir": "<"}, {"b": 1448, "ipt": 0, "dir": "<"}, {"b": 1448, "ipt": 0, "dir": "<"}, {"b": 1085, "ipt": 2230, "dir": ">"}, {"b": 1085, "ipt": 14506, "dir": ">"}, {"b": 1160, "ipt": 3531, "dir": ">"}], "idp_out": "450004bc027e40004006a8e9c0a81502", "sa": "192.168.21.2"}
{"ip": {"in": {"id": [49522, 49523], "ttl": 59}, "out": {"id": [61190, 61191], "ttl": 64}}, "idp_in": "45000062c17300003b062009acd91b96", "time_end": 1528859304.080718, "p_malware": 2.3e-05, "expire_type": "i", "entropy": 5.507157, "num_pkts_out": 2, "pr": 6, "time_start": 1528859304.037821, "bytes_in": 46, "num_pkts_in": 2, "bytes_out": 46, "byte_dist_std": 52.135043, "da": "172.217.27.150", "byte_dist_mean": 84.271739, "idp_len_out": 16, "total_entropy": 506.65843, "byte_dist": [16, 0, 0, 4, 0, 3, 0, 0, 1, 0, 0, 0, 1, 0, 0, 0, 0, 0, 0, 0, 1, 0, 1, 2, 1, 0, 0, 0, 1, 0, 0, 1, 0, 0, 0, 1, 0, 1, 0, 0, 0, 3, 0, 0, 0, 0, 1, 0, 1, 1, 0, 0, 0, 0, 0, 0, 0, 0, 0, 1, 0, 0, 0, 1, 0, 0, 0, 1, 1, 1, 0, 0, 1, 0, 1, 0, 0, 0, 0, 0, 1, 1, 0, 0, 0, 0, 0, 0, 0, 0, 0, 0, 1, 1, 2, 1, 0, 0, 0, 0, 0, 0, 1, 0, 0, 0, 0, 0, 1, 0, 0, 1, 0, 1, 0, 0, 0, 0, 0, 0, 0, 0, 0, 2, 1, 2, 0, 2, 0, 0, 1, 0, 1, 0, 2, 0, 0, 0, 1, 0, 0, 1, 0, 0, 0, 0, 1, 0, 0, 0, 1, 0, 1, 0, 0, 1, 0, 0, 0, 0, 1, 1, 0, 0, 0, 1, 0, 0, 0, 0, 1, 0, 0, 1, 0, 0, 0, 0, 1, 0, 0, 0, 0, 0, 0, 1, 0, 0, 0, 1, 0, 0, 0, 0, 0, 0, 0, 1, 0, 1, 0, 0, 0, 1, 0, 0, 0, 0, 0, 0, 0, 0, 0, 0, 0, 0, 0, 0, 0, 0, 1, 0, 0, 0, 0, 0, 1, 0, 0, 0, 0, 0, 1, 0, 0, 0, 1, 0, 0, 0, 1, 0, 1, 0, 0, 0, 0, 0, 0, 0, 0, 0, 0, 0, 0, 0], "dp": 443, "idp_len_in": 16, "sp": 53786, "packets": [{"b": 46, "ipt": 0, "dir": ">"}, {"b": 46, "ipt": 1, "dir": "<"}], "idp_out": "45000062ef0640004006ad75c0a81502", "sa": "192.168.21.2"}
{"ip": {"in": {"id": [52034, 33379], "ttl": 57}, "out": {"id": [15880, 15881], "ttl": 64}}, "idp_in": "4500017ecb4200003911550d8c70fe04", "time_end": 1528859306.868103, "p_malware": 0.0, "expire_type": "i", "entropy": 4.818784, "num_pkts_out": 2, "pr": 17, "time_start": 1528859306.866527, "bytes_in": 720, "num_pkts_in": 2, "dns": [{"rn": "r3---sn-u5oxu-un5e.googlevideo.com", "rr": [{"cname": "r3.sn-u5oxu-un5e.googlevideo.com", "ttl": 196}, {"a": "163.28.18.14", "ttl": 919}], "rc": 0}, {"rn": "r3---sn-u5oxu-un5e.googlevideo.com", "rr": [{"cname": "r3.sn-u5oxu-un5e.googlevideo.com", "ttl": 196}, {"type": "1c", "class": "1", "rdlength": 4096, "ttl": 1318}], "rc": 0}], "bytes_out": 104, "byte_dist_std": 59.915493, "da": "140.112.254.4", "byte_dist_mean": 53.930825, "idp_len_out": 16, "total_entropy": 3970.677818, "byte_dist": [228, 75, 25, 13, 13, 9, 8, 0, 2, 0, 16, 4, 4, 4, 2, 0, 11, 0, 7, 4, 0, 0, 0, 0, 0, 0, 0, 0, 12, 0, 0, 10, 11, 0, 2, 0, 2, 0, 3, 0, 0, 8, 0, 2, 0, 24, 0, 0, 0, 2, 4, 8, 4, 12, 4, 0, 2, 0, 0, 0, 0, 2, 0, 0, 2, 0, 2, 0, 0, 0, 0, 0, 16, 0, 0, 0, 0, 0, 0, 0, 0, 0, 0, 0, 0, 0, 0, 0, 0, 0, 0, 0, 0, 0, 0, 2, 8, 0, 0, 4, 4, 16, 0, 12, 0, 4, 0, 0, 6, 4, 20, 28, 2, 0, 6, 17, 0, 18, 4, 0, 6, 0, 0, 10, 0, 0, 0, 3, 2, 2, 0, 0, 0, 0, 0, 0, 3, 0, 2, 0, 0, 0, 0, 0, 0, 0, 0, 0, 2, 0, 0, 1, 0, 0, 2, 0, 0, 0, 0, 0, 0, 0, 0, 1, 0, 0, 2, 0, 0, 0, 0, 0, 2, 0, 0, 0, 0, 0, 0, 0, 0, 2, 0, 0, 2, 0, 0, 0, 0, 0, 0, 0, 38, 0, 0, 0, 2, 0, 2, 0, 0, 0, 0, 0, 0, 0, 0, 2, 0, 0, 2, 0, 0, 0, 0, 0, 8, 0, 0, 0, 0, 0, 0, 0, 0, 0, 0, 0, 0, 0, 0, 2, 0, 0, 0, 0, 0, 0, 0, 8, 0, 0, 0, 0, 0, 0, 0, 0, 0, 0, 0, 2, 2, 0, 2, 0], "dp": 53, "idp_len_in": 16, "sp": 50233, "packets": [{"b": 52, "ipt": 0, "dir": ">"}, {"b": 52, "ipt": 0, "dir": ">"}, {"b": 354, "ipt": 0, "dir": "<"}, {"b": 366, "ipt": 0, "dir": "<"}], "idp_out": "450000503e08400040119c75c0a81502", "sa": "192.168.21.2"}
{"ip": {"in": {"id": [41944, 41945, 41946, 41947, 41948, 41978, 49659, 49661, 49662, 49663, 49683], "ttl": 59}, "out": {"id": [55226, 55227, 55228, 55229, 55230, 55231, 55232], "ttl": 64}}, "idp_in": "4500008aa3da00003b063d82acd91b8e", "time_end": 1528859325.689886, "p_malware": 5.6e-05,